{
    "modules": [

    ],
    "properties": {
        "backendModules": [

        ],
        "description": "",
        "emConf": {
            "category": "plugin",
            "custom_category": "",
            "dependsOn": "typo3 => 7.6.0-7.6.99\n",
            "disableLocalization": false,
            "disableVersioning": false,
            "skipGenerateDocumentationTemplate": false,
            "sourceLanguage": "en",
            "state": "alpha",
            "targetVersion": "7.6.0-7.6.99",
            "version": ""
        },
        "extensionKey": "site_config",
        "name": "Site Config",
        "originalExtensionKey": "",
        "originalVendorName": "",
        "persons": [

        ],
        "plugins": [

        ],
        "vendorName": "MB"
    },
    "wires": [

    ],
    "log": {
        "last_modified": "2016-11-15 10:17",
        "extension_builder_version": "7.6.0",
        "be_user": " (1)"
    }
}